Workbook

Sheet spotify_churn_dataset
A1: user_id | B1: gender | C1: age | D1: country | E1: subscription_type | F1: listening_time | G1: songs_played_per_day | H1: skip_rate | I1: device_type | J1: ads_listened_per_week | K1: offline_listening | L1: is_churned | M1: Monthly Price | N1: Lost Revenue
A2: 1 | B2: Female | C2: 54 | D2: CA | E2: Free | F2: 26 | G2: 23 | H2: 0.2 | I2: Desktop | J2: 31 | K2: 0 | L2: 1 | M2: =VLOOKUP(Table1[[#This Row],[subscription_type]],Plans!$A$1:$B$5,2,FALSE) -> 0 | N2: =IF(L2=1, M2,0) -> 0
A3: 2 | B3: Other | C3: 33 | D3: DE | E3: Family | F3: 141 | G3: 62 | H3: 0.34 | I3: Web | J3: 0 | K3: 1 | L3: 0 | M3: =VLOOKUP(Table1[[#This Row],[subscription_type]],Plans!$A$1:$B$5,2,FALSE) -> 14.99 | N3: =IF(L3=1, M3,0) -> 0
A4: 3 | B4: Male | C4: 38 | D4: AU | E4: Premium | F4: 199 | G4: 38 | H4: 0.04 | I4: Mobile | J4: 0 | K4: 1 | L4: 1 | M4: =VLOOKUP(Table1[[#This Row],[subscription_type]],Plans!$A$1:$B$5,2,FALSE) -> 9.99 | N4: =IF(L4=1, M4,0) -> 9.99
A5: 4 | B5: Female | C5: 22 | D5: CA | E5: Student | F5: 36 | G5: 2 | H5: 0.31 | I5: Mobile | J5: 0 | K5: 1 | L5: 0 | M5: =VLOOKUP(Table1[[#This Row],[subscription_type]],Plans!$A$1:$B$5,2,FALSE) -> 4.99 | N5: =IF(L5=1, M5,0) -> 0
A6: 5 | B6: Other | C6: 29 | D6: US | E6: Family | F6: 250 | G6: 57 | H6: 0.36 | I6: Mobile | J6: 0 | K6: 1 | L6: 1 | M6: =VLOOKUP(Table1[[#This Row],[subscription_type]],Plans!$A$1:$B$5,2,FALSE) -> 14.99 | N6: =IF(L6=1, M6,0) -> 14.99
A7: 6 | B7: Female | C7: 17 | D7: AU | E7: Free | F7: 219 | G7: 35 | H7: 0.46 | I7: Desktop | J7: 13 | K7: 0 | L7: 0 | M7: =VLOOKUP(Table1[[#This Row],[subscription_type]],Plans!$A$1:$B$5,2,FALSE) -> 0 | N7: =IF(L7=1, M7,0) -> 0
A8: 7 | B8: Female | C8: 39 | D8: UK | E8: Premium | F8: 289 | G8: 44 | H8: 0.38 | I8: Desktop | J8: 0 | K8: 1 | L8: 0 | M8: =VLOOKUP(Table1[[#This Row],[subscription_type]],Plans!$A$1:$B$5,2,FALSE) -> 9.99 | N8: =IF(L8=1, M8,0) -> 0
A9: 8 | B9: Female | C9: 41 | D9: UK | E9: Free | F9: 210 | G9: 68 | H9: 0.11 | I9: Mobile | J9: 5 | K9: 0 | L9: 0 | M9: =VLOOKUP(Table1[[#This Row],[subscription_type]],Plans!$A$1:$B$5,2,FALSE) -> 0 | N9: =IF(L9=1, M9,0) -> 0
A10: 9 | B10: Other | C10: 55 | D10: DE | E10: Student | F10: 50 | G10: 66 | H10: 0.29 | I10: Web | J10: 0 | K10: 1 | L10: 0 | M10: =VLOOKUP(Table1[[#This Row],[subscription_type]],Plans!$A$1:$B$5,2,FALSE) -> 4.99 | N10: =IF(L10=1, M10,0) -> 0
A11: 10 | B11: Male | C11: 44 | D11: DE | E11: Free | F11: 278 | G11: 94 | H11: 0.38 | I11: Mobile | J11: 44 | K11: 0 | L11: 0 | M11: =VLOOKUP(Table1[[#This Row],[subscription_type]],Plans!$A$1:$B$5,2,FALSE) -> 0 | N11: =IF(L11=1, M11,0) -> 0
A12: 11 | B12: Other | C12: 33 | D12: DE | E12: Free | F12: 86 | G12: 44 | H12: 0.11 | I12: Web | J12: 37 | K12: 0 | L12: 0 | M12: =VLOOKUP(Table1[[#This Row],[subscription_type]],Plans!$A$1:$B$5,2,FALSE) -> 0 | N12: =IF(L12=1, M12,0) -> 0
A13: 12 | B13: Other | C13: 24 | D13: CA | E13: Free | F13: 113 | G13: 24 | H13: 0.56 | I13: Desktop | J13: 39 | K13: 0 | L13: 1 | M13: =VLOOKUP(Table1[[#This Row],[subscription_type]],Plans!$A$1:$B$5,2,FALSE) -> 0 | N13: =IF(L13=1, M13,0) -> 0
... A8001: 8000 | B8001: Other | C8001: 45 | D8001: AU | E8001: Free | F8001: 210 | G8001: 68 | H8001: 0.46 | I8001: Desktop | J8001: 6 | K8001: 0 | L8001: 0 | M8001: =VLOOKUP(Table1[[#This Row],[subscription_type]],Plans!$A$1:$B$5,2,FALSE) -> 0 | N8001: =IF(L8001=1, M8001,0) -> 0

Sheet Free_Users
A1: user_id | B1: gender | C1: age | D1: country | E1: subscription_type | F1: listening_time | G1: songs_played_per_day | H1: skip_rate | I1: device_type | J1: ads_listened_per_week | K1: offline_listening | L1: is_churned | M1: Monthly Price | N1: Lost Revenue | O1: Ad_bucket
A2: 1 | B2: Female | C2: 54 | D2: CA | E2: Free | F2: 26 | G2: 23 | H2: 0.2 | I2: Desktop | J2: 31 | K2: 0 | L2: 1 | M2: 0 | N2: 0 | O2: =_xlfn.FLOOR.MATH(J2, 10) & " - " & (_xlfn.FLOOR.MATH(J2, 10) + 9) -> 30 - 39
A3: 6 | B3: Female | C3: 17 | D3: AU | E3: Free | F3: 219 | G3: 35 | H3: 0.46 | I3: Desktop | J3: 13 | K3: 0 | L3: 0 | M3: 0 | N3: 0 | O3: =_xlfn.FLOOR.MATH(J3, 10) & " - " & (_xlfn.FLOOR.MATH(J3, 10) + 9) -> 10 - 19
A4: 8 | B4: Female | C4: 41 | D4: UK | E4: Free | F4: 210 | G4: 68 | H4: 0.11 | I4: Mobile | J4: 5 | K4: 0 | L4: 0 | M4: 0 | N4: 0 | O4: =_xlfn.FLOOR.MATH(J4, 10) & " - " & (_xlfn.FLOOR.MATH(J4, 10) + 9) -> 0 - 9
A5: 10 | B5: Male | C5: 44 | D5: DE | E5: Free | F5: 278 | G5: 94 | H5: 0.38 | I5: Mobile | J5: 44 | K5: 0 | L5: 0 | M5: 0 | N5: 0 | O5: =_xlfn.FLOOR.MATH(J5, 10) & " - " & (_xlfn.FLOOR.MATH(J5, 10) + 9) -> 40 - 49
A6: 11 | B6: Other | C6: 33 | D6: DE | E6: Free | F6: 86 | G6: 44 | H6: 0.11 | I6: Web | J6: 37 | K6: 0 | L6: 0 | M6: 0 | N6: 0 | O6: =_xlfn.FLOOR.MATH(J6, 10) & " - " & (_xlfn.FLOOR.MATH(J6, 10) + 9) -> 30 - 39
A7: 12 | B7: Other | C7: 24 | D7: CA | E7: Free | F7: 113 | G7: 24 | H7: 0.56 | I7: Desktop | J7: 39 | K7: 0 | L7: 1 | M7: 0 | N7: 0 | O7: =_xlfn.FLOOR.MATH(J7, 10) & " - " & (_xlfn.FLOOR.MATH(J7, 10) + 9) -> 30 - 39
A8: 27 | B8: Male | C8: 28 | D8: IN | E8: Free | F8: 293 | G8: 67 | H8: 0.33 | I8: Mobile | J8: 23 | K8: 0 | L8: 1 | M8: 0 | N8: 0 | O8: =_xlfn.FLOOR.MATH(J8, 10) & " - " & (_xlfn.FLOOR.MATH(J8, 10) + 9) -> 20 - 29
A9: 28 | B9: Other | C9: 58 | D9: FR | E9: Free | F9: 15 | G9: 55 | H9: 0.3 | I9: Mobile | J9: 35 | K9: 0 | L9: 0 | M9: 0 | N9: 0 | O9: =_xlfn.FLOOR.MATH(J9, 10) & " - " & (_xlfn.FLOOR.MATH(J9, 10) + 9) -> 30 - 39
A10: 29 | B10: Male | C10: 33 | D10: FR | E10: Free | F10: 123 | G10: 13 | H10: 0.22 | I10: Desktop | J10: 7 | K10: 0 | L10: 0 | M10: 0 | N10: 0 | O10: =_xlfn.FLOOR.MATH(J10, 10) & " - " & (_xlfn.FLOOR.MATH(J10, 10) + 9) -> 0 - 9
A11: 36 | B11: Other | C11: 24 | D11: DE | E11: Free | F11: 59 | G11: 53 | H11: 0.18 | I11: Web | J11: 28 | K11: 0 | L11: 1 | M11: 0 | N11: 0 | O11: =_xlfn.FLOOR.MATH(J11, 10) & " - " & (_xlfn.FLOOR.MATH(J11, 10) + 9) -> 20 - 29
A12: 50 | B12: Male | C12: 50 | D12: PK | E12: Free | F12: 241 | G12: 7 | H12: 0.56 | I12: Desktop | J12: 22 | K12: 0 | L12: 1 | M12: 0 | N12: 0 | O12: =_xlfn.FLOOR.MATH(J12, 10) & " - " & (_xlfn.FLOOR.MATH(J12, 10) + 9) -> 20 - 29
A13: 53 | B13: Female | C13: 38 | D13: AU | E13: Free | F13: 41 | G13: 3 | H13: 0 | I13: Desktop | J13: 43 | K13: 0 | L13: 1 | M13: 0 | N13: 0 | O13: =_xlfn.FLOOR.MATH(J13, 10) & " - " & (_xlfn.FLOOR.MATH(J13, 10) + 9) -> 40 - 49
... A2019: 8000 | B2019: Other | C2019: 45 | D2019: AU | E2019: Free | F2019: 210 | G2019: 68 | H2019: 0.46 | I2019: Desktop | J2019: 6 | K2019: 0 | L2019: 0 | M2019: 0 | N2019: 0 | O2019: =_xlfn.FLOOR.MATH(J2019, 10) & " - " & (_xlfn.FLOOR.MATH(J2019, 10) + 9) -> 0 - 9

Sheet Ad Tolerance Threshold Analysis
A3: Row Labels | B3: Average of is_churned | C3: Count of user_id
A4: 0 - 9 | B4: 0.21078431 | C4: 204
A5: 10 - 19 | B5: 0.23026316 | C5: 456
A6: 20 - 29 | B6: 0.26506024 | C6: 415
A7: 30 - 39 | B7: 0.24197002 | C7: 467
A8: 40 - 49 | B8: 0.27731092 | C8: 476
A9: Grand Total | B9: 0.24925669 | C9: 2018

Sheet Revenue Bleed Estimation
A3: Row Labels | B3: Total Lost Revenue | C3: Total potential Revenue | D3: Percentage Loss
A4: AU | B4: 2217.85 | C4: 7902.13 | D4: =GETPIVOTDATA("Total Lost Revenue",$A3,"country","AU")/GETPIVOTDATA("Total potential Revenue",$A3,"country","AU") -> 0.28066483
A5: CA | B5: 1803.2 | C5: 7052.92 | D5: =GETPIVOTDATA("Total Lost Revenue",$A4,"country","CA")/GETPIVOTDATA("Total potential Revenue",$A4,"country","CA") -> 0.25566716
A6: DE | B6: 2022.93 | C6: 7652.34 | D6: =GETPIVOTDATA("Total Lost Revenue",$A5,"country","DE")/GETPIVOTDATA("Total potential Revenue",$A5,"country","DE") -> 0.26435443
A7: FR | B7: 2012.97 | C7: 7357.63 | D7: =GETPIVOTDATA("Total Lost Revenue",$A6,"country","FR")/GETPIVOTDATA("Total potential Revenue",$A6,"country","FR") -> 0.27358946
A8: IN | B8: 1738.23 | C8: 7397.44 | D8: =GETPIVOTDATA("Total Lost Revenue",$A7,"country","IN")/GETPIVOTDATA("Total potential Revenue",$A7,"country","IN") -> 0.23497724
A9: PK | B9: 2082.9 | C9: 7357.66 | D9: =GETPIVOTDATA("Total Lost Revenue",$A8,"country","PK")/GETPIVOTDATA("Total potential Revenue",$A8,"country","PK") -> 0.28309272
A10: UK | B10: 1813.17 | C10: 7057.83 | D10: =GETPIVOTDATA("Total Lost Revenue",$A9,"country","UK")/GETPIVOTDATA("Total potential Revenue",$A9,"country","UK") -> 0.25690191
A11: US | B11: 2033.07 | C11: 7727.23 | D11: =GETPIVOTDATA("Total Lost Revenue",$A10,"country","US")/GETPIVOTDATA("Total potential Revenue",$A10,"country","US") -> 0.26310463
A12: Grand Total | B12: 15724.32 | C12: 59505.18 | D12: =GETPIVOTDATA("Total Lost Revenue",$A$3)/GETPIVOTDATA("Total potential Revenue",$A$3) -> 0.26425128
A18: Row Labels | B18: Sum of Lost Revenue | C18: Sum of Monthly Price | D18: Percentage Loss
A19: Family | B19: 7869.75 | C19: 28600.92 | D19: =GETPIVOTDATA("Sum of Lost Revenue",$A18,"subscription_type","Family")/GETPIVOTDATA("Sum of Monthly Price",$A18,"subscription_type","Family") -> 0.27515723
A20: Free | B20: 0 | C20: 0 | D20: 0
A21: Premium | B21: 5294.7 | C21: 21128.85 | D21: =GETPIVOTDATA("Sum of Lost Revenue",$A20,"subscription_type","Premium")/GETPIVOTDATA("Sum of Monthly Price",$A20,"subscription_type","Premium") -> 0.25059102
A22: Student | B22: 2559.87 | C22: 9775.41 | D22: =GETPIVOTDATA("Sum of Lost Revenue",$A21,"subscription_type","Student")/GETPIVOTDATA("Sum of Monthly Price",$A21,"subscription_type","Student") -> 0.2618683
A23: Grand Total | B23: 15724.32 | C23: 59505.18 | D23: =GETPIVOTDATA("Sum of Lost Revenue",$A$18)/GETPIVOTDATA("Sum of Monthly Price",$A$18) -> 0.26425128

Sheet Demographic Profiling
A3: Average of is_churned | B3: Subs Type
A4: Country | B4: Family | C4: Free | D4: Premium | E4: Student | F4: Grand Total
A5: PK | B5: 0.29761905 | C5: 0.24528302 | D5: 0.24255319 | E5: 0.31578947 | F5: 0.27527528
A6: DE | B6: 0.25291829 | C6: 0.2811245 | D6: 0.26984127 | E6: 0.28793774 | F6: 0.2729064
A7: FR | B7: 0.26839827 | C7: 0.26190476 | D7: 0.27737226 | E7: 0.28017241 | F7: 0.27199191
A8: AU | B8: 0.30418251 | C8: 0.20647773 | D8: 0.25650558 | E8: 0.25882353 | F8: 0.25725338
A9: US | B9: 0.27983539 | C9: 0.27058824 | D9: 0.27464789 | E9: 0.188 | F9: 0.25387597
A10: CA | B10: 0.26382979 | C10: 0.23170732 | D10: 0.24358974 | E10: 0.25523013 | F10: 0.24842767
A11: UK | B11: 0.28985507 | C11: 0.2248996 | D11: 0.21276596 | E11: 0.27631579 | F11: 0.24741201
A12: IN | B12: 0.24090909 | C12: 0.27058824 | D12: 0.22807018 | E12: 0.23505976 | F12: 0.24332344
A13: Grand Total | B13: 0.27515723 | C13: 0.24925669 | D13: 0.25059102 | E13: 0.2618683 | F13: 0.258875

Sheet Plans
A1: Subscription Type | B1: Price
A2: Free | B2: 0
A3: Student | B3: 4.99
A4: Premium | B4: 9.99
A5: Family | B5: 14.99
